IPЕижЗ,ЖЫПк,TLS,Ъ§ОнжааФ,ЕиЧј,ГЧЪа,ЭјТчбгГй,ВтЫй MB/s
47.243.91.58,2083,TRUE,HKG,Asia Pacific,Hong Kong,76 ms,31.66
8.210.126.88,2053,TRUE,HKG,Asia Pacific,Hong Kong,73 ms,26.78
129.154.223.89,15800,TRUE,NRT,Asia Pacific,Tokyo,72 ms,23.11
47.57.12.238,34237,TRUE,HKG,Asia Pacific,Hong Kong,70 ms,23.1
104.215.16.121,443,TRUE,KIX,Asia Pacific,Osaka,84,32.67
47.243.169.90,2083,TRUE,HKG,Asia Pacific,Hong Kong,69 ms,22.9
52.199.110.110,34237,TRUE,NRT,Asia Pacific,Tokyo,110 ms,22.74
129.154.221.203,34237,TRUE,ICN,Asia Pacific,Seoul,72 ms,22.69
18.167.194.154,443,TRUE,HKG,Asia Pacific,Hong Kong,76 ms,21.74
47.236.164.215,2083,TRUE,SIN,Asia Pacific,Singapore,126 ms,19.93
47.236.130.95,2053,TRUE,SIN,Asia Pacific,Singapore,127 ms,19.78
132.226.22.106,34237,TRUE,ICN,Asia Pacific,Seoul,75 ms,19.65
47.236.144.208,2083,TRUE,SIN,Asia Pacific,Singapore,152 ms,19.61
54.92.17.121,443,TRUE,NRT,Asia Pacific,Tokyo,71 ms,19.04
8.219.239.79,2083,TRUE,SIN,Asia Pacific,Singapore,152 ms,18.16
13.231.236.95,8443,TRUE,NRT,Asia Pacific,Tokyo,95 ms,18.16
47.236.165.25,2083,TRUE,SIN,Asia Pacific,Singapore,149 ms,18.07
146.56.171.182,11659,TRUE,NRT,Asia Pacific,Tokyo,98 ms,17.91
47.236.171.205,2083,TRUE,SIN,Asia Pacific,Singapore,134 ms,17.7
47.236.99.59,2083,TRUE,SIN,Asia Pacific,Singapore,154 ms,17.45
47.236.232.148,2083,TRUE,SIN,Asia Pacific,Singapore,151 ms,17.36
152.70.245.66,12693,TRUE,NRT,Asia Pacific,Tokyo,86 ms,17.25
47.236.117.48,2096,TRUE,SIN,Asia Pacific,Singapore,128 ms,17.12
152.70.239.134,34237,TRUE,ICN,Asia Pacific,Seoul,215 ms,16.93
47.236.118.216,2087,TRUE,SIN,Asia Pacific,Singapore,145 ms,16.88
54.95.94.250,443,TRUE,NRT,Asia Pacific,Tokyo,88 ms,16.61
138.2.75.91,443,TRUE,SIN,Asia Pacific,Singapore,108 ms,16.59
3.112.21.102,443,TRUE,NRT,Asia Pacific,Tokyo,74 ms,16.45
47.236.104.11,2083,TRUE,SIN,Asia Pacific,Singapore,152 ms,16.38
47.243.198.198,8443,TRUE,HKG,Asia Pacific,Hong Kong,72 ms,16.34
47.236.75.152,2053,TRUE,SIN,Asia Pacific,Singapore,146 ms,16.2
52.221.254.206,2053,TRUE,SIN,Asia Pacific,Singapore,94 ms,16.12
47.236.169.202,2096,TRUE,SIN,Asia Pacific,Singapore,131 ms,16.11
8.210.126.88,2083,TRUE,HKG,Asia Pacific,Hong Kong,76 ms,16.06
47.236.6.170,2053,TRUE,SIN,Asia Pacific,Singapore,129 ms,15.95
3.113.111.83,443,TRUE,NRT,Asia Pacific,Tokyo,88 ms,15.89
18.143.236.187,443,TRUE,SIN,Asia Pacific,Singapore,107 ms,15.87
47.236.232.148,2096,TRUE,SIN,Asia Pacific,Singapore,129 ms,15.78
138.2.99.97,443,TRUE,SIN,Asia Pacific,Singapore,97 ms,15.74
54.249.135.43,443,TRUE,NRT,Asia Pacific,Tokyo,90 ms,15.26
47.236.5.223,2096,TRUE,SIN,Asia Pacific,Singapore,147 ms,15.17
47.236.169.202,2087,TRUE,SIN,Asia Pacific,Singapore,149 ms,15
146.235.17.31,443,TRUE,SIN,Asia Pacific,Singapore,105 ms,14.98
47.236.6.170,2087,TRUE,SIN,Asia Pacific,Singapore,152 ms,14.67
47.236.165.25,2087,TRUE,SIN,Asia Pacific,Singapore,128 ms,14.66
146.56.146.7,21713,TRUE,HKG,Asia Pacific,Hong Kong,84 ms,14.64
152.69.219.32,443,TRUE,SIN,Asia Pacific,Singapore,87 ms,14.64
47.236.237.90,2096,TRUE,SIN,Asia Pacific,Singapore,132 ms,14.61
129.150.62.252,54774,TRUE,SIN,Asia Pacific,Singapore,107 ms,14.57
54.238.112.33,443,TRUE,NRT,Asia Pacific,Tokyo,95 ms,14.41
47.236.146.249,8443,TRUE,SIN,Asia Pacific,Singapore,127 ms,14.4
47.236.170.225,8443,TRUE,SIN,Asia Pacific,Singapore,128 ms,14.2
138.2.104.102,443,TRUE,SIN,Asia Pacific,Singapore,116 ms,14.12
47.236.75.152,8443,TRUE,SIN,Asia Pacific,Singapore,145 ms,14.11
3.113.64.82,443,TRUE,NRT,Asia Pacific,Tokyo,114 ms,14.1
140.238.8.194,15800,TRUE,NRT,Asia Pacific,Tokyo,59 ms,14.07
47.236.205.188,2053,TRUE,SIN,Asia Pacific,Singapore,132 ms,13.78
152.69.213.194,34237,TRUE,SIN,Asia Pacific,Singapore,94 ms,13.76
47.236.189.92,2096,TRUE,SIN,Asia Pacific,Singapore,145 ms,13.69
140.238.12.52,8443,TRUE,NRT,Asia Pacific,Tokyo,74 ms,13.55
4.255.56.137,443,TRUE,IAD,North America,Ashburn,240 ms,13.51
152.69.212.227,34237,TRUE,SIN,Asia Pacific,Singapore,91 ms,13.25
47.236.164.215,8443,TRUE,SIN,Asia Pacific,Singapore,129 ms,13.15
152.69.219.31,41746,TRUE,SIN,Asia Pacific,Singapore,97 ms,13.15
47.243.198.198,2096,TRUE,HKG,Asia Pacific,Hong Kong,72 ms,13.03
192.9.172.26,443,TRUE,SYD,Oceania,Sydney,204 ms,12.99
47.237.86.185,2087,TRUE,SIN,Asia Pacific,Singapore,312 ms,12.98
47.236.75.152,2083,TRUE,SIN,Asia Pacific,Singapore,131 ms,12.96
129.151.205.193,443,TRUE,ARN,Europe,Stockholm,305 ms,12.87
16.16.201.205,443,TRUE,ARN,Europe,Stockholm,243 ms,12.82
4.255.56.138,443,TRUE,IAD,North America,Ashburn,261 ms,12.69
8.219.208.104,2087,TRUE,SIN,Asia Pacific,Singapore,142 ms,12.67
47.236.9.152,2083,TRUE,SIN,Asia Pacific,Singapore,130 ms,12.6
47.236.102.102,2083,TRUE,SIN,Asia Pacific,Singapore,153 ms,12.55
47.237.84.173,2053,TRUE,SIN,Asia Pacific,Singapore,317 ms,12.54
47.236.232.148,2053,TRUE,SIN,Asia Pacific,Singapore,147 ms,12.45
75.2.32.4,443,TRUE,IAD,North America,Ashburn,98 ms,12.42
54.246.34.11,443,TRUE,AMS,Europe,Amsterdam,279 ms,12.33
47.237.92.26,2096,TRUE,SIN,Asia Pacific,Singapore,311 ms,12.29
54.153.174.109,443,TRUE,SYD,Oceania,Sydney,187 ms,12.23
47.236.171.205,2053,TRUE,SIN,Asia Pacific,Singapore,150 ms,12.21
13.201.221.231,443,TRUE,BOM,Asia Pacific,Mumbai,193 ms,12.21
54.76.99.0,443,TRUE,DUB,Europe,Dublin,233 ms,12.21
47.237.95.146,8443,TRUE,SIN,Asia Pacific,Singapore,327 ms,12.12
18.185.91.141,2083,TRUE,FRA,Europe,Frankfurt,232 ms,12.09
47.236.118.216,2083,TRUE,SIN,Asia Pacific,Singapore,134 ms,12.06
47.236.237.90,2053,TRUE,SIN,Asia Pacific,Singapore,134 ms,12.05
51.20.124.236,443,TRUE,ARN,Europe,Stockholm,287 ms,12.04
8.222.145.43,2083,TRUE,SIN,Asia Pacific,Singapore,311 ms,11.89
47.236.189.92,8443,TRUE,SIN,Asia Pacific,Singapore,152 ms,11.88
51.107.11.76,8443,TRUE,MXP,Europe,Milan,265 ms,11.86
35.159.106.209,8443,TRUE,FRA,Europe,Frankfurt,269 ms,11.79
34.244.99.79,443,TRUE,AMS,Europe,Amsterdam,232 ms,11.74
47.236.164.215,2096,TRUE,SIN,Asia Pacific,Singapore,134 ms,11.72
47.76.32.21,443,TRUE,MRS,Europe,Marseille,74 ms,11.68
47.236.80.110,2083,TRUE,SIN,Asia Pacific,Singapore,136 ms,11.62
13.48.6.26,8080,TRUE,ARN,Europe,Stockholm,288 ms,11.53
47.237.84.173,2083,TRUE,SIN,Asia Pacific,Singapore,314 ms,11.51
47.237.84.173,2096,TRUE,SIN,Asia Pacific,Singapore,305 ms,11.5
3.66.84.249,8443,TRUE,FRA,Europe,Frankfurt,271 ms,11.48
43.207.145.163,443,TRUE,NRT,Asia Pacific,Tokyo,90 ms,11.47
47.236.253.41,2053,TRUE,SIN,Asia Pacific,Singapore,135 ms,11.45
8.222.145.43,2087,TRUE,SIN,Asia Pacific,Singapore,313 ms,11.4
47.237.10.1,2053,TRUE,SIN,Asia Pacific,Singapore,311 ms,11.4
16.170.18.236,443,TRUE,ARN,Europe,Stockholm,283 ms,11.39
47.236.202.91,2083,TRUE,SIN,Asia Pacific,Singapore,149 ms,11.35
156.251.176.43,21806,TRUE,HKG,Asia Pacific,Hong Kong,65 ms,11.33
35.159.106.209,2083,TRUE,FRA,Europe,Frankfurt,223 ms,11.25
54.79.127.144,443,TRUE,SYD,Oceania,Sydney,202 ms,11.23
35.177.177.179,2053,TRUE,LHR,Europe,London,223 ms,11.23
47.236.170.54,2096,TRUE,SIN,Asia Pacific,Singapore,145 ms,11.17
47.236.117.48,2087,TRUE,SIN,Asia Pacific,Singapore,134 ms,11.17
8.219.110.248,8443,TRUE,SIN,Asia Pacific,Singapore,313 ms,11.16
47.236.202.91,2087,TRUE,SIN,Asia Pacific,Singapore,138 ms,11.09
47.236.125.62,2087,TRUE,NRT,Asia Pacific,Tokyo,222 ms,11.07
47.236.254.120,8443,TRUE,SIN,Asia Pacific,Singapore,128 ms,11.03
38.147.165.204,25566,TRUE,LAX,North America,Los Angeles,303 ms,10.91
8.219.239.79,2096,TRUE,SIN,Asia Pacific,Singapore,153 ms,10.89
47.236.6.170,2083,TRUE,SIN,Asia Pacific,Singapore,130 ms,10.89
47.236.17.193,2096,TRUE,SIN,Asia Pacific,Singapore,136 ms,10.88
47.237.81.112,2087,TRUE,SIN,Asia Pacific,Singapore,318 ms,10.87
47.237.86.185,2053,TRUE,SIN,Asia Pacific,Singapore,311 ms,10.86
47.236.169.202,2083,TRUE,SIN,Asia Pacific,Singapore,150 ms,10.82
47.236.253.41,2087,TRUE,SIN,Asia Pacific,Singapore,133 ms,10.81
47.236.120.9,2096,TRUE,SIN,Asia Pacific,Singapore,131 ms,10.8
51.20.109.213,8443,TRUE,ARN,Europe,Stockholm,241 ms,10.74
47.237.81.112,2053,TRUE,SIN,Asia Pacific,Singapore,320 ms,10.73
13.250.131.37,443,TRUE,SIN,Asia Pacific,Singapore,101 ms,10.63
47.237.121.38,2083,TRUE,SIN,Asia Pacific,Singapore,311 ms,10.52
47.236.237.90,2083,TRUE,SIN,Asia Pacific,Singapore,153 ms,10.44
140.238.1.158,443,TRUE,HKG,Asia Pacific,Hong Kong,70 ms,10.31
8.219.208.104,2083,TRUE,SIN,Asia Pacific,Singapore,148 ms,10.31
8.219.208.104,2096,TRUE,SIN,Asia Pacific,Singapore,147 ms,10.28
193.122.118.149,34237,TRUE,ICN,Asia Pacific,Seoul,66 ms,10.28
204.216.105.106,8443,TRUE,YUL,North America,MontrЈІal,286 ms,10.24
3.253.33.208,443,TRUE,AMS,Europe,Amsterdam,236 ms,10.18
146.56.41.180,34237,TRUE,ICN,Asia Pacific,Seoul,214 ms,10.15
47.236.120.9,8443,TRUE,SIN,Asia Pacific,Singapore,144 ms,10.12
51.20.114.116,443,TRUE,ARN,Europe,Stockholm,286 ms,10.04
47.236.180.51,2087,TRUE,SIN,Asia Pacific,Singapore,148 ms,9.98
47.128.255.240,443,TRUE,SIN,Asia Pacific,Singapore,100 ms,9.94
13.211.39.36,443,TRUE,SYD,Oceania,Sydney,201 ms,9.93
103.235.18.106,52022,TRUE,LAX,North America,Los Angeles,69 ms,9.86
47.237.11.182,2083,TRUE,SIN,Asia Pacific,Singapore,317 ms,9.84
18.135.16.86,34237,TRUE,LHR,Europe,London,226 ms,9.75
47.237.82.15,2053,TRUE,SIN,Asia Pacific,Singapore,312 ms,9.62
47.236.99.59,2096,TRUE,SIN,Asia Pacific,Singapore,133 ms,9.62
47.236.145.85,2087,TRUE,SIN,Asia Pacific,Singapore,135 ms,9.55
13.202.40.85,34237,TRUE,DEL,Asia Pacific,New Delhi,176 ms,9.51
47.236.189.92,2083,TRUE,SIN,Asia Pacific,Singapore,133 ms,9.47
47.243.169.90,8443,TRUE,HKG,Asia Pacific,Hong Kong,71 ms,9.37
172.179.181.196,443,TRUE,SEA,North America,Seattle,174 ms,9.34
47.243.120.239,2087,TRUE,HKG,Asia Pacific,Hong Kong,72 ms,9.31
54.70.214.119,2053,TRUE,SEA,North America,Seattle,230 ms,9.22
47.237.95.156,2053,TRUE,SIN,Asia Pacific,Singapore,318 ms,9.16
47.236.146.249,2083,TRUE,SIN,Asia Pacific,Singapore,149 ms,9.16
47.236.130.95,8443,TRUE,SIN,Asia Pacific,Singapore,135 ms,8.93
52.64.139.84,443,TRUE,SYD,Oceania,Sydney,182 ms,8.91
54.201.187.208,8443,TRUE,SEA,North America,Seattle,223 ms,8.8
47.236.180.51,2096,TRUE,SIN,Asia Pacific,Singapore,152 ms,8.72
47.237.92.26,2053,TRUE,SIN,Asia Pacific,Singapore,312 ms,8.7
8.219.110.248,2096,TRUE,SIN,Asia Pacific,Singapore,314 ms,8.66
47.236.125.62,2096,TRUE,NRT,Asia Pacific,Tokyo,229 ms,8.65
20.233.254.155,8443,TRUE,BOM,Asia Pacific,Mumbai,182 ms,8.65
47.237.14.220,2096,TRUE,SIN,Asia Pacific,Singapore,312 ms,8.65
192.9.177.204,443,TRUE,SYD,Oceania,Sydney,201 ms,8.61
47.236.253.41,2096,TRUE,SIN,Asia Pacific,Singapore,151 ms,8.57
47.236.80.110,2053,TRUE,SIN,Asia Pacific,Singapore,133 ms,8.54
47.237.94.140,2096,TRUE,SIN,Asia Pacific,Singapore,309 ms,8.47
3.71.112.60,8880,TRUE,FRA,Europe,Frankfurt,221 ms,8.46
47.237.82.15,2083,TRUE,SIN,Asia Pacific,Singapore,316 ms,8.44
47.237.11.182,2053,TRUE,SIN,Asia Pacific,Singapore,309 ms,8.42
47.236.80.110,2087,TRUE,SIN,Asia Pacific,Singapore,146 ms,8.4
213.35.98.64,443,TRUE,SIN,Asia Pacific,Singapore,102 ms,8.34
130.61.176.29,443,TRUE,FRA,Europe,Frankfurt,268 ms,8.34
13.201.211.192,34237,TRUE,BOM,Asia Pacific,Mumbai,182 ms,8.27
47.236.202.91,8443,TRUE,SIN,Asia Pacific,Singapore,152 ms,8.24
47.237.0.31,2053,TRUE,SIN,Asia Pacific,Singapore,311 ms,8.21
47.237.83.20,2053,TRUE,SIN,Asia Pacific,Singapore,306 ms,8.09
47.236.130.95,2096,TRUE,SIN,Asia Pacific,Singapore,149 ms,8.08
47.237.8.82,2053,TRUE,SIN,Asia Pacific,Singapore,314 ms,8.07
47.237.92.26,2083,TRUE,SIN,Asia Pacific,Singapore,313 ms,8.04
158.178.192.221,443,TRUE,CDG,Europe,Paris,221 ms,7.97
47.236.117.48,8443,TRUE,SIN,Asia Pacific,Singapore,150 ms,7.95
47.243.91.58,2053,TRUE,HKG,Asia Pacific,Hong Kong,77 ms,7.94
35.156.134.213,8443,TRUE,FRA,Europe,Frankfurt,220 ms,7.91
3.77.188.47,8443,TRUE,FRA,Europe,Frankfurt,273 ms,7.9
15.236.98.18,2083,TRUE,CDG,Europe,Paris,228 ms,7.89
47.237.82.15,2087,TRUE,SIN,Asia Pacific,Singapore,312 ms,7.89
47.237.8.82,8443,TRUE,SIN,Asia Pacific,Singapore,313 ms,7.87
47.243.169.90,2087,TRUE,HKG,Asia Pacific,Hong Kong,78 ms,7.86
3.67.25.193,443,TRUE,FRA,Europe,Frankfurt,227 ms,7.85
43.199.36.32,443,TRUE,HKG,Asia Pacific,Hong Kong,222 ms,7.85
47.236.164.215,2053,TRUE,SIN,Asia Pacific,Singapore,140 ms,7.83
3.127.200.253,443,TRUE,FRA,Europe,Frankfurt,223 ms,7.81
13.52.171.139,443,TRUE,SJC,North America,San Jose,226 ms,7.76
47.237.95.146,2096,TRUE,SIN,Asia Pacific,Singapore,325 ms,7.76
18.199.121.55,443,TRUE,FRA,Europe,Frankfurt,225 ms,7.75
47.243.120.239,2083,TRUE,HKG,Asia Pacific,Hong Kong,71 ms,7.65
47.237.8.82,2087,TRUE,SIN,Asia Pacific,Singapore,311 ms,7.61
99.80.70.151,2053,TRUE,DUB,Europe,Dublin,237 ms,7.61
13.41.76.64,8080,TRUE,LHR,Europe,London,229 ms,7.6
8.210.126.88,2087,TRUE,HKG,Asia Pacific,Hong Kong,80 ms,7.59
47.236.80.110,8443,TRUE,SIN,Asia Pacific,Singapore,144 ms,7.54
13.42.36.146,8080,TRUE,LHR,Europe,London,231 ms,7.54
51.20.72.71,2053,TRUE,ARN,Europe,Stockholm,239 ms,7.53
18.153.62.206,2053,TRUE,FRA,Europe,Frankfurt,273 ms,7.53
47.236.189.92,2087,TRUE,SIN,Asia Pacific,Singapore,141 ms,7.51
34.143.216.48,8443,TRUE,SIN,Asia Pacific,Singapore,230 ms,7.5
47.243.198.198,2087,TRUE,HKG,Asia Pacific,Hong Kong,78 ms,7.48
47.236.180.24,8443,TRUE,SIN,Asia Pacific,Singapore,150 ms,7.47
35.159.106.221,2087,TRUE,FRA,Europe,Frankfurt,224 ms,7.47
18.168.114.50,443,TRUE,LHR,Europe,London,279 ms,7.45
141.147.117.72,443,TRUE,FRA,Europe,Frankfurt,211 ms,7.45
3.10.171.39,443,TRUE,LHR,Europe,London,223 ms,7.43
3.64.234.214,443,TRUE,FRA,Europe,Frankfurt,221 ms,7.43
47.243.120.239,2053,TRUE,HKG,Asia Pacific,Hong Kong,76 ms,7.41
3.76.207.22,2087,TRUE,FRA,Europe,Frankfurt,223 ms,7.41
47.236.99.59,2053,TRUE,SIN,Asia Pacific,Singapore,155 ms,7.39
47.236.117.48,2083,TRUE,SIN,Asia Pacific,Singapore,153 ms,7.38
138.2.109.58,443,TRUE,SIN,Asia Pacific,Singapore,108 ms,7.38
35.158.93.95,443,TRUE,FRA,Europe,Frankfurt,267 ms,7.37
18.153.244.138,443,TRUE,FRA,Europe,Frankfurt,223 ms,7.36
35.95.178.68,443,TRUE,SEA,North America,Seattle,226 ms,7.35
47.237.0.31,2096,TRUE,SIN,Asia Pacific,Singapore,315 ms,7.35
8.219.110.248,2083,TRUE,SIN,Asia Pacific,Singapore,315 ms,7.34
3.75.23.205,443,TRUE,FRA,Europe,Frankfurt,221 ms,7.32
54.202.87.125,34237,TRUE,SEA,North America,Seattle,225 ms,7.32
34.84.40.199,8443,TRUE,NRT,Asia Pacific,Tokyo,227 ms,7.31
54.213.215.13,8443,TRUE,SEA,North America,Seattle,229 ms,7.3
52.58.248.166,443,TRUE,FRA,Europe,Frankfurt,231 ms,7.29
20.62.202.159,443,TRUE,IAD,North America,Ashburn,236 ms,7.29
47.237.10.1,2083,TRUE,SIN,Asia Pacific,Singapore,309 ms,7.28
8.219.144.168,443,TRUE,SIN,Asia Pacific,Singapore,146 ms,7.28
18.202.157.192,443,TRUE,DUB,Europe,Dublin,230 ms,7.27
63.32.194.15,8443,TRUE,DUB,Europe,Dublin,231 ms,7.27
18.158.23.91,2053,TRUE,FRA,Europe,Frankfurt,224 ms,7.25
47.237.95.13,2083,TRUE,SIN,Asia Pacific,Singapore,312 ms,7.23
47.236.146.249,2096,TRUE,SIN,Asia Pacific,Singapore,128 ms,7.22
54.176.250.14,2053,TRUE,SJC,North America,San Jose,214 ms,7.21
47.237.125.8,8443,TRUE,SIN,Asia Pacific,Singapore,307 ms,7.2
3.8.172.27,443,TRUE,LHR,Europe,London,274 ms,7.19
35.157.121.50,2096,TRUE,FRA,Europe,Frankfurt,223 ms,7.19
47.237.95.156,2083,TRUE,SIN,Asia Pacific,Singapore,313 ms,7.17
8.219.110.248,2087,TRUE,SIN,Asia Pacific,Singapore,314 ms,7.17
54.213.215.13,2053,TRUE,SEA,North America,Seattle,198 ms,7.14
146.56.190.51,34237,TRUE,ICN,Asia Pacific,Seoul,98 ms,7.13
130.61.109.6,2096,TRUE,FRA,Europe,Frankfurt,265 ms,7.12
47.237.125.8,2083,TRUE,SIN,Asia Pacific,Singapore,313 ms,7.08
13.231.236.95,2053,TRUE,NRT,Asia Pacific,Tokyo,95 ms,7.07
13.53.206.75,443,TRUE,CPH,Europe,Copenhagen,239 ms,7.05
18.134.9.126,443,TRUE,LHR,Europe,London,227 ms,7.01
47.236.80.110,2096,TRUE,SIN,Asia Pacific,Singapore,149 ms,7.01
8.213.209.234,34237,TRUE,SIN,Asia Pacific,Singapore,128 ms,6.98
172.200.2.241,443,TRUE,IAD,North America,Ashburn,235 ms,6.98
52.56.213.90,2087,TRUE,LHR,Europe,London,226 ms,6.96
3.79.128.120,34237,TRUE,FRA,Europe,Frankfurt,222 ms,6.96
47.236.169.202,2053,TRUE,SIN,Asia Pacific,Singapore,135 ms,6.94
193.123.93.103,8443,TRUE,CDG,Europe,Paris,217 ms,6.93
3.124.236.70,443,TRUE,FRA,Europe,Frankfurt,220 ms,6.91
47.236.75.152,2096,TRUE,SIN,Asia Pacific,Singapore,133 ms,6.91
13.36.114.136,2083,TRUE,CDG,Europe,Paris,225 ms,6.9
18.237.176.63,8443,TRUE,SEA,North America,Seattle,228 ms,6.9
35.157.121.50,443,TRUE,FRA,Europe,Frankfurt,224 ms,6.89
47.243.120.239,2096,TRUE,HKG,Asia Pacific,Hong Kong,72 ms,6.89
8.222.145.43,2096,TRUE,SIN,Asia Pacific,Singapore,311 ms,6.84
130.61.203.115,2053,TRUE,FRA,Europe,Frankfurt,313 ms,6.84
13.51.196.0,8080,TRUE,ARN,Europe,Stockholm,288 ms,6.84
47.236.118.216,2096,TRUE,SIN,Asia Pacific,Singapore,154 ms,6.83
47.237.125.8,2053,TRUE,SIN,Asia Pacific,Singapore,315 ms,6.8
3.123.255.167,443,TRUE,FRA,Europe,Frankfurt,224 ms,6.8
3.66.67.78,8443,TRUE,FRA,Europe,Frankfurt,225 ms,6.77
18.132.164.98,443,TRUE,LHR,Europe,London,220 ms,6.74
18.130.70.64,2096,TRUE,LHR,Europe,London,219 ms,6.73
54.74.164.212,2053,TRUE,DUB,Europe,Dublin,232 ms,6.71
13.53.165.65,8080,TRUE,ARN,Europe,Stockholm,240 ms,6.7
18.158.211.32,8443,TRUE,FRA,Europe,Frankfurt,266 ms,6.7
20.199.40.76,2087,TRUE,CDG,Europe,Paris,240 ms,6.69
13.53.51.77,8080,TRUE,ARN,Europe,Stockholm,243 ms,6.66
52.214.238.175,8443,TRUE,DUB,Europe,Dublin,234 ms,6.66
47.236.120.9,2053,TRUE,SIN,Asia Pacific,Singapore,143 ms,6.65
18.159.200.98,8443,TRUE,FRA,Europe,Frankfurt,270 ms,6.61
34.254.180.147,8443,TRUE,DUB,Europe,Dublin,277 ms,6.59
13.42.88.255,34237,TRUE,LHR,Europe,London,229 ms,6.59
47.254.230.71,34237,TRUE,SIN,Asia Pacific,Singapore,257 ms,6.58
51.20.249.211,8443,TRUE,ARN,Europe,Stockholm,290 ms,6.56
47.237.83.20,2083,TRUE,SIN,Asia Pacific,Singapore,306 ms,6.55
47.236.205.188,2083,TRUE,SIN,Asia Pacific,Singapore,135 ms,6.54
47.236.146.249,2053,TRUE,SIN,Asia Pacific,Singapore,152 ms,6.54
3.77.229.35,443,TRUE,FRA,Europe,Frankfurt,267 ms,6.52
13.40.119.154,8443,TRUE,LHR,Europe,London,224 ms,6.52
52.213.11.150,443,TRUE,DUB,Europe,Dublin,235 ms,6.49
47.236.202.91,2096,TRUE,SIN,Asia Pacific,Singapore,139 ms,6.47
47.236.146.249,2087,TRUE,SIN,Asia Pacific,Singapore,136 ms,6.47
3.101.148.176,34237,TRUE,SJC,North America,San Jose,224 ms,6.47
47.237.95.146,2083,TRUE,SIN,Asia Pacific,Singapore,326 ms,6.46
3.252.142.72,2083,TRUE,DUB,Europe,Dublin,233 ms,6.46
18.130.70.64,2087,TRUE,LHR,Europe,London,226 ms,6.44
16.170.231.188,8443,TRUE,ARN,Europe,Stockholm,235 ms,6.42
52.56.213.90,2096,TRUE,LHR,Europe,London,224 ms,6.41
47.237.94.140,2083,TRUE,SIN,Asia Pacific,Singapore,329 ms,6.36
47.236.130.95,2087,TRUE,SIN,Asia Pacific,Singapore,146 ms,6.33
3.252.77.56,2087,TRUE,DUB,Europe,Dublin,235 ms,6.33
47.236.120.9,2087,TRUE,SIN,Asia Pacific,Singapore,146 ms,6.28
54.74.253.197,2083,TRUE,DUB,Europe,Dublin,231 ms,6.23
35.197.23.75,443,TRUE,SEA,North America,Seattle,272 ms,6.22
34.245.61.158,443,TRUE,AMS,Europe,Amsterdam,232 ms,6.22
16.171.61.222,2053,TRUE,ARN,Europe,Stockholm,244 ms,6.22
18.193.71.124,8443,TRUE,FRA,Europe,Frankfurt,224 ms,6.19
3.70.219.196,443,TRUE,FRA,Europe,Frankfurt,269 ms,6.18
13.53.117.221,8080,TRUE,ARN,Europe,Stockholm,287 ms,6.18
35.200.25.49,2087,TRUE,NRT,Asia Pacific,Tokyo,254 ms,6.15
51.20.197.83,443,TRUE,ARN,Europe,Stockholm,239 ms,6.14
52.191.71.189,34237,TRUE,IAD,North America,Ashburn,235 ms,6.14
13.42.158.50,8443,TRUE,LHR,Europe,London,265 ms,6.11
18.143.116.40,34237,TRUE,SIN,Asia Pacific,Singapore,107 ms,6.05
185.238.250.168,25978,TRUE,LAX,North America,Los Angeles,312 ms,6.05
51.107.9.31,8443,TRUE,MXP,Europe,Milan,259 ms,6.04
3.98.54.22,8443,TRUE,YUL,North America,MontrЈІal,281 ms,6.03
54.193.48.13,443,TRUE,SJC,North America,San Jose,223 ms,6.01
141.148.225.142,443,TRUE,AMS,Europe,Amsterdam,226 ms,5.97
52.49.41.80,2053,TRUE,DUB,Europe,Dublin,231 ms,5.94
3.75.170.179,443,TRUE,FRA,Europe,Frankfurt,231 ms,5.91
18.194.183.74,2053,TRUE,FRA,Europe,Frankfurt,223 ms,5.89
47.236.102.102,2053,TRUE,SIN,Asia Pacific,Singapore,132 ms,5.89
99.83.209.185,443,TRUE,IAD,North America,Ashburn,96 ms,5.88
47.236.145.85,8443,TRUE,SIN,Asia Pacific,Singapore,154 ms,5.87
20.240.254.247,8443,TRUE,ARN,Europe,Stockholm,274 ms,5.82
47.237.11.182,2096,TRUE,SIN,Asia Pacific,Singapore,313 ms,5.8
3.79.255.200,34237,TRUE,FRA,Europe,Frankfurt,265 ms,5.77
168.138.165.174,443,TRUE,SIN,Asia Pacific,Singapore,105 ms,5.77
3.77.174.36,443,TRUE,FRA,Europe,Frankfurt,221 ms,5.75
47.236.164.65,2096,TRUE,SIN,Asia Pacific,Singapore,151 ms,5.72
51.107.8.47,8443,TRUE,MXP,Europe,Milan,266 ms,5.7
13.40.220.165,8080,TRUE,LHR,Europe,London,223 ms,5.69
52.38.230.144,2053,TRUE,SEA,North America,Seattle,228 ms,5.67
47.243.91.58,2096,TRUE,HKG,Asia Pacific,Hong Kong,63 ms,5.65
34.163.89.60,8443,TRUE,CDG,Europe,Paris,228 ms,5.65
35.83.185.225,443,TRUE,SEA,North America,Seattle,225 ms,5.62
54.201.187.208,2053,TRUE,SEA,North America,Seattle,202 ms,5.62
130.61.23.77,443,TRUE,FRA,Europe,Frankfurt,206 ms,5.61
18.133.158.212,34237,TRUE,LHR,Europe,London,269 ms,5.6
47.237.8.82,2083,TRUE,SIN,Asia Pacific,Singapore,311 ms,5.59
8.219.208.104,2053,TRUE,SIN,Asia Pacific,Singapore,148 ms,5.57
23.225.116.68,45853,TRUE,LAX,North America,Los Angeles,186 ms,5.56
54.194.162.247,443,TRUE,DUB,Europe,Dublin,276 ms,5.55
16.171.61.222,8443,TRUE,ARN,Europe,Stockholm,247 ms,5.53
47.236.180.51,2053,TRUE,SIN,Asia Pacific,Singapore,128 ms,5.51
172.205.149.35,8443,TRUE,AMS,Europe,Amsterdam,282 ms,5.5
47.236.17.193,2053,TRUE,SIN,Asia Pacific,Singapore,130 ms,5.47
3.76.40.64,34237,TRUE,FRA,Europe,Frankfurt,218 ms,5.45
54.193.102.195,443,TRUE,SJC,North America,San Jose,224 ms,5.43
20.233.254.155,2053,TRUE,BOM,Asia Pacific,Mumbai,179 ms,5.43
47.76.189.214,443,TRUE,HKG,Asia Pacific,Hong Kong,69 ms,5.42
13.37.224.156,2053,TRUE,CDG,Europe,Paris,228 ms,5.41
52.53.198.253,34237,TRUE,SJC,North America,San Jose,219 ms,5.4
15.236.224.187,443,TRUE,CDG,Europe,Paris,228 ms,5.4
47.237.95.140,2087,TRUE,SIN,Asia Pacific,Singapore,310 ms,5.37
132.145.81.117,443,TRUE,ICN,Asia Pacific,Seoul,69 ms,5.33
18.236.77.255,8443,TRUE,SEA,North America,Seattle,225 ms,5.32
52.209.187.247,2053,TRUE,DUB,Europe,Dublin,231 ms,5.28
144.24.173.250,8443,TRUE,FRA,Europe,Frankfurt,191 ms,5.26
47.237.125.8,2096,TRUE,SIN,Asia Pacific,Singapore,306 ms,5.26
18.192.113.68,8443,TRUE,FRA,Europe,Frankfurt,223 ms,5.25
3.65.21.45,443,TRUE,FRA,Europe,Frankfurt,222 ms,5.23
47.237.125.8,2087,TRUE,SIN,Asia Pacific,Singapore,310 ms,5.23
3.123.94.149,2053,TRUE,FRA,Europe,Frankfurt,264 ms,5.21
34.214.113.200,443,TRUE,SEA,North America,Seattle,244 ms,5.21
13.53.54.176,8080,TRUE,ARN,Europe,Stockholm,237 ms,5.18
18.153.80.200,34237,TRUE,FRA,Europe,Frankfurt,223 ms,5.17
104.40.244.228,443,TRUE,AMS,Europe,Amsterdam,280 ms,5.17
20.90.163.76,2053,TRUE,MAN,Europe,Manchester,270 ms,5.17
47.237.84.173,8443,TRUE,SIN,Asia Pacific,Singapore,312 ms,5.15
3.8.212.197,443,TRUE,LHR,Europe,London,225 ms,5.14
13.53.126.251,8443,TRUE,ARN,Europe,Stockholm,243 ms,5.14
13.53.182.182,2087,TRUE,CPH,Europe,Copenhagen,283 ms,5.14
8.222.145.43,8443,TRUE,SIN,Asia Pacific,Singapore,312 ms,5.1
3.253.210.158,2053,TRUE,DUB,Europe,Dublin,229 ms,5.09
13.201.27.214,2053,TRUE,DEL,Asia Pacific,New Delhi,183 ms,5.08
44.241.54.108,443,TRUE,SEA,North America,Seattle,198 ms,5.07
47.236.180.51,8443,TRUE,SIN,Asia Pacific,Singapore,127 ms,5.07
138.2.85.23,8080,TRUE,SIN,Asia Pacific,Singapore,109 ms,5.05
47.236.145.85,443,TRUE,SIN,Asia Pacific,Singapore,129 ms,5.04
34.150.20.228,8443,TRUE,HKG,Asia Pacific,Hong Kong,242 ms,5.01
47.236.145.85,2053,TRUE,SIN,Asia Pacific,Singapore,146 ms,5.01
3.79.68.96,8443,TRUE,FRA,Europe,Frankfurt,268 ms,5.01
13.53.233.234,8443,TRUE,ARN,Europe,Stockholm,247 ms,5
13.38.47.23,34237,TRUE,CDG,Europe,Paris,229 ms,5
3.121.211.155,8443,TRUE,FRA,Europe,Frankfurt,226 ms,4.99
47.237.121.38,2053,TRUE,SIN,Asia Pacific,Singapore,304 ms,4.95
47.236.146.249,443,TRUE,SIN,Asia Pacific,Singapore,143 ms,4.93
13.48.245.19,443,TRUE,ARN,Europe,Stockholm,247 ms,4.93
54.216.40.130,8443,TRUE,DUB,Europe,Dublin,240 ms,4.92
13.37.106.51,443,TRUE,CDG,Europe,Paris,224 ms,4.91
34.34.186.205,443,TRUE,CDG,Europe,Paris,273 ms,4.91
172.205.149.35,2053,TRUE,AMS,Europe,Amsterdam,277 ms,4.9
144.24.161.142,8443,TRUE,FRA,Europe,Frankfurt,216 ms,4.88
35.217.24.30,8443,TRUE,ARN,Europe,Stockholm,291 ms,4.86
8.210.126.88,2096,TRUE,HKG,Asia Pacific,Hong Kong,76 ms,4.85
52.28.84.2,443,TRUE,FRA,Europe,Frankfurt,264 ms,4.83
140.238.15.251,443,TRUE,ICN,Asia Pacific,Seoul,67 ms,4.8
47.236.189.92,2053,TRUE,SIN,Asia Pacific,Singapore,136 ms,4.78
18.134.188.139,34237,TRUE,LHR,Europe,London,275 ms,4.73
40.233.70.7,8443,TRUE,YYZ,North America,Toronto,273 ms,4.73
47.236.167.231,2083,TRUE,SIN,Asia Pacific,Singapore,139 ms,4.73
47.237.14.220,2053,TRUE,SIN,Asia Pacific,Singapore,312 ms,4.69
47.237.94.140,2087,TRUE,SIN,Asia Pacific,Singapore,311 ms,4.67
168.138.177.109,443,TRUE,SIN,Asia Pacific,Singapore,95 ms,4.65
18.218.200.189,443,TRUE,ORD,North America,Chicago,268 ms,4.64
35.77.126.144,443,TRUE,NRT,Asia Pacific,Tokyo,71 ms,4.6
20.240.217.172,443,TRUE,WAW,Europe,Warsaw,271 ms,4.58
35.217.24.30,2053,TRUE,ARN,Europe,Stockholm,292 ms,4.56
89.168.43.31,8443,TRUE,CDG,Europe,Paris,219 ms,4.55
3.79.96.7,34237,TRUE,FRA,Europe,Frankfurt,225 ms,4.55
91.217.139.121,8443,TRUE,LAX,North America,Los Angeles,214 ms,4.52
192.9.180.162,443,TRUE,SYD,Oceania,Sydney,196 ms,4.51
3.67.225.26,2053,TRUE,FRA,Europe,Frankfurt,222 ms,4.5
3.26.59.94,443,TRUE,SYD,Oceania,Sydney,211 ms,4.5
3.22.133.37,2053,TRUE,ORD,North America,Chicago,294 ms,4.4
13.60.14.21,34237,TRUE,ARN,Europe,Stockholm,242 ms,4.36
47.237.121.38,2087,TRUE,SIN,Asia Pacific,Singapore,310 ms,4.33
193.123.61.142,2053,TRUE,AMS,Europe,Amsterdam,200 ms,4.32
159.13.44.239,34237,TRUE,SYD,Oceania,Sydney,247 ms,4.31
131.186.28.236,443,TRUE,NRT,Asia Pacific,Tokyo,89 ms,4.31
158.101.175.51,2053,TRUE,FRA,Europe,Frankfurt,211 ms,4.3
51.120.12.12,2087,TRUE,CPH,Europe,Copenhagen,288 ms,4.26
141.144.232.159,443,TRUE,FRA,Europe,Frankfurt,221 ms,4.26
47.236.180.24,2083,TRUE,SIN,Asia Pacific,Singapore,150 ms,4.24
158.179.207.182,8443,TRUE,ARN,Europe,Stockholm,215 ms,4.23
130.61.109.6,8443,TRUE,FRA,Europe,Frankfurt,268 ms,4.21
158.180.49.11,2053,TRUE,FRA,Europe,Frankfurt,207 ms,4.17
144.24.169.81,8443,TRUE,FRA,Europe,Frankfurt,277 ms,4.17
8.218.39.122,34237,TRUE,HKG,Asia Pacific,Hong Kong,73 ms,4.17
47.236.164.65,2087,TRUE,SIN,Asia Pacific,Singapore,151 ms,4.16
158.101.169.13,8443,TRUE,FRA,Europe,Frankfurt,227 ms,4.16
54.77.191.241,443,TRUE,DUB,Europe,Dublin,238 ms,4.15
8.210.118.146,34237,TRUE,HKG,Asia Pacific,Hong Kong,75 ms,4.15
150.230.20.156,8443,TRUE,AMS,Europe,Amsterdam,209 ms,4.12
8.217.229.205,29960,TRUE,HKG,Asia Pacific,Hong Kong,70 ms,4.11
18.237.176.63,2053,TRUE,SEA,North America,Seattle,231 ms,4.1
47.245.33.33,443,TRUE,NRT,Asia Pacific,Tokyo,77 ms,4.08
3.18.225.231,443,TRUE,ORD,North America,Chicago,296 ms,4.08
159.13.42.204,34237,TRUE,SYD,Oceania,Sydney,195 ms,4.07
47.76.245.164,80,TRUE,SIN,Asia Pacific,Singapore,71 ms,4.06
146.56.144.32,11202,TRUE,NRT,Asia Pacific,Tokyo,87 ms,4.04
47.238.62.215,443,TRUE,HKG,Asia Pacific,Hong Kong,69 ms,4.04
193.123.81.105,443,TRUE,FRA,Europe,Frankfurt,218 ms,4.04
8.217.45.219,42291,TRUE,HKG,Asia Pacific,Hong Kong,90 ms,4.04
144.24.173.250,2053,TRUE,FRA,Europe,Frankfurt,199 ms,4.02
146.56.141.168,47590,TRUE,HKG,Asia Pacific,Hong Kong,214 ms,4.01
20.247.120.107,25383,TRUE,HKG,Asia Pacific,Hong Kong,124 ms,4.01
130.61.83.37,443,TRUE,FRA,Europe,Frankfurt,268 ms,3.99
8.218.132.209,80,TRUE,SIN,Asia Pacific,Singapore,69 ms,3.98
18.162.97.34,443,TRUE,HKG,Asia Pacific,Hong Kong,63 ms,3.98
47.243.169.90,2096,TRUE,HKG,Asia Pacific,Hong Kong,71 ms,3.97
47.238.52.160,80,TRUE,SIN,Asia Pacific,Singapore,71 ms,3.94
47.74.4.97,443,TRUE,NRT,Asia Pacific,Tokyo,75 ms,3.94
47.242.94.48,443,TRUE,HKG,Asia Pacific,Hong Kong,71 ms,3.94
47.238.50.221,80,TRUE,SIN,Asia Pacific,Singapore,73 ms,3.93
193.123.61.142,8443,TRUE,AMS,Europe,Amsterdam,209 ms,3.92
47.76.254.36,80,TRUE,KUL,Asia Pacific,Kuala Lumpur,73 ms,3.91
47.76.194.234,34237,TRUE,HKG,Asia Pacific,Hong Kong,74 ms,3.91
52.14.94.139,34237,TRUE,ORD,North America,Chicago,297 ms,3.9
23.225.64.72,25016,TRUE,NRT,Asia Pacific,Tokyo,161 ms,3.9
47.236.145.85,2096,TRUE,SIN,Asia Pacific,Singapore,154 ms,3.9
47.238.36.250,80,TRUE,SIN,Asia Pacific,Singapore,73 ms,3.88
47.238.48.153,80,TRUE,SIN,Asia Pacific,Singapore,73 ms,3.88
47.238.44.224,80,TRUE,SIN,Asia Pacific,Singapore,67 ms,3.88
47.238.49.85,80,TRUE,SIN,Asia Pacific,Singapore,73 ms,3.88
13.230.34.30,443,TRUE,NRT,Asia Pacific,Tokyo,75 ms,3.86
47.76.162.240,34237,TRUE,HKG,Asia Pacific,Hong Kong,74 ms,3.86
158.101.215.45,8443,TRUE,AMS,Europe,Amsterdam,206 ms,3.83
47.238.36.145,80,TRUE,SIN,Asia Pacific,Singapore,70 ms,3.82
168.138.13.201,443,TRUE,MEL,Oceania,Melbourne,207 ms,3.81
51.120.12.12,8443,TRUE,CPH,Europe,Copenhagen,286 ms,3.81
47.76.243.157,80,TRUE,SIN,Asia Pacific,Singapore,71 ms,3.79
13.51.55.31,443,TRUE,ARN,Europe,Stockholm,241 ms,3.77
47.76.196.165,34237,TRUE,HKG,Asia Pacific,Hong Kong,73 ms,3.77
47.236.30.179,34237,TRUE,SIN,Asia Pacific,Singapore,150 ms,3.76
64.110.86.92,2053,TRUE,ICN,Asia Pacific,Seoul,88 ms,3.76
13.53.132.96,8080,TRUE,ARN,Europe,Stockholm,237 ms,3.72
152.70.166.114,443,TRUE,FRA,Europe,Frankfurt,306 ms,3.71
47.237.121.38,2096,TRUE,SIN,Asia Pacific,Singapore,311 ms,3.7
103.99.115.228,47368,TRUE,LAX,North America,Los Angeles,200 ms,3.7
47.236.167.231,2087,TRUE,SIN,Asia Pacific,Singapore,153 ms,3.69
130.61.239.203,443,TRUE,FRA,Europe,Frankfurt,308 ms,3.69
20.90.163.76,8443,TRUE,MAN,Europe,Manchester,297 ms,3.69
168.138.15.75,443,TRUE,MEL,Oceania,Melbourne,215 ms,3.68
47.236.237.90,2087,TRUE,SIN,Asia Pacific,Singapore,134 ms,3.68
212.103.62.244,19560,TRUE,LAX,North America,Los Angeles,217 ms,3.68
16.24.82.102,2096,TRUE,MRS,Europe,Marseille,295 ms,3.66
193.123.225.106,34237,TRUE,NRT,Asia Pacific,Tokyo,217 ms,3.65
3.144.191.4,443,TRUE,ORD,North America,Chicago,295 ms,3.64
103.99.179.8,43327,TRUE,LAX,North America,Los Angeles,222 ms,3.62
43.153.184.8,34237,TRUE,NRT,Asia Pacific,Tokyo,128 ms,3.62
141.147.47.32,34237,TRUE,FRA,Europe,Frankfurt,265 ms,3.61
47.236.202.91,2053,TRUE,SIN,Asia Pacific,Singapore,150 ms,3.59
43.131.229.173,34237,TRUE,ICN,Asia Pacific,Seoul,101 ms,3.57
158.180.49.11,8443,TRUE,FRA,Europe,Frankfurt,311 ms,3.56
47.238.48.58,80,TRUE,SIN,Asia Pacific,Singapore,74 ms,3.56
18.171.156.25,8443,TRUE,LHR,Europe,London,225 ms,3.56
47.239.12.227,80,TRUE,SIN,Asia Pacific,Singapore,76 ms,3.54
47.236.130.95,443,TRUE,SIN,Asia Pacific,Singapore,147 ms,3.54
35.182.214.244,443,TRUE,YUL,North America,MontrЈІal,278 ms,3.5
47.250.150.193,80,TRUE,SIN,Asia Pacific,Singapore,222 ms,3.49
47.239.13.168,80,TRUE,SIN,Asia Pacific,Singapore,70 ms,3.49
47.236.167.231,2053,TRUE,SIN,Asia Pacific,Singapore,145 ms,3.47
47.243.169.90,2053,TRUE,HKG,Asia Pacific,Hong Kong,71 ms,3.46
47.243.55.213,34237,TRUE,HKG,Asia Pacific,Hong Kong,77 ms,3.44
212.103.62.226,30129,TRUE,LAX,North America,Los Angeles,196 ms,3.42
8.219.212.74,34237,TRUE,SIN,Asia Pacific,Singapore,130 ms,3.41
185.238.248.47,11876,TRUE,LAX,North America,Los Angeles,208 ms,3.4
130.61.203.115,8443,TRUE,FRA,Europe,Frankfurt,200 ms,3.36
47.250.153.55,80,TRUE,SIN,Asia Pacific,Singapore,267 ms,3.35
47.250.155.240,80,TRUE,SIN,Asia Pacific,Singapore,221 ms,3.34
47.236.117.48,2053,TRUE,SIN,Asia Pacific,Singapore,137 ms,3.32
18.193.116.86,443,TRUE,FRA,Europe,Frankfurt,230 ms,3.31
130.61.107.238,8443,TRUE,FRA,Europe,Frankfurt,224 ms,3.31
34.129.11.233,443,TRUE,SYD,Oceania,Sydney,311 ms,3.3
18.184.55.249,443,TRUE,FRA,Europe,Frankfurt,226 ms,3.3
47.238.43.79,8443,TRUE,HKG,Asia Pacific,Hong Kong,70 ms,3.29
47.237.95.156,2096,TRUE,SIN,Asia Pacific,Singapore,312 ms,3.29
34.39.21.204,34237,TRUE,LHR,Europe,London,227 ms,3.28
47.243.254.148,34237,TRUE,HKG,Asia Pacific,Hong Kong,73 ms,3.27
185.238.250.168,31445,TRUE,LAX,North America,Los Angeles,192 ms,3.27
3.15.147.151,2083,TRUE,ORD,North America,Chicago,297 ms,3.26
89.168.118.76,443,TRUE,FRA,Europe,Frankfurt,223 ms,3.26
47.250.155.143,80,TRUE,SIN,Asia Pacific,Singapore,221 ms,3.25
3.66.67.78,2053,TRUE,FRA,Europe,Frankfurt,272 ms,3.25
47.250.14.44,80,TRUE,SIN,Asia Pacific,Singapore,223 ms,3.25
47.236.164.215,2087,TRUE,SIN,Asia Pacific,Singapore,132 ms,3.24
47.250.159.165,80,TRUE,SIN,Asia Pacific,Singapore,259 ms,3.24
13.37.224.156,8443,TRUE,CDG,Europe,Paris,225 ms,3.23
202.91.35.102,27911,TRUE,LAX,North America,Los Angeles,224 ms,3.23
47.250.159.36,80,TRUE,SIN,Asia Pacific,Singapore,216 ms,3.21
47.250.36.113,80,TRUE,SIN,Asia Pacific,Singapore,221 ms,3.21
144.24.169.81,2053,TRUE,FRA,Europe,Frankfurt,221 ms,3.18
138.3.254.39,443,TRUE,FRA,Europe,Frankfurt,206 ms,3.18
47.250.176.68,80,TRUE,SIN,Asia Pacific,Singapore,212 ms,3.16
140.238.195.98,443,TRUE,SYD,Oceania,Sydney,199 ms,3.16
3.139.198.114,2053,TRUE,ORD,North America,Chicago,294 ms,3.14
47.250.157.38,80,TRUE,SIN,Asia Pacific,Singapore,225 ms,3.13
47.250.149.42,80,TRUE,SIN,Asia Pacific,Singapore,266 ms,3.1
18.216.55.100,443,TRUE,ORD,North America,Chicago,296 ms,3.09
54.249.173.119,443,TRUE,NRT,Asia Pacific,Tokyo,92 ms,3.06
144.24.189.21,443,TRUE,FRA,Europe,Frankfurt,216 ms,3.06
158.101.175.51,8443,TRUE,FRA,Europe,Frankfurt,272 ms,3.02
158.178.206.197,8443,TRUE,CDG,Europe,Paris,227 ms,2.97
47.250.176.199,80,TRUE,SIN,Asia Pacific,Singapore,262 ms,2.97
140.238.158.238,8080,TRUE,YYZ,North America,Toronto,274 ms,2.95
51.20.99.157,443,TRUE,AMS,Europe,Amsterdam,283 ms,2.95
47.250.57.45,80,TRUE,SIN,Asia Pacific,Singapore,220 ms,2.94
47.237.84.173,2087,TRUE,SIN,Asia Pacific,Singapore,315 ms,2.94
47.243.91.58,2087,TRUE,HKG,Asia Pacific,Hong Kong,75 ms,2.93
47.238.43.79,2083,TRUE,HKG,Asia Pacific,Hong Kong,78 ms,2.93
47.236.167.231,2096,TRUE,SIN,Asia Pacific,Singapore,146 ms,2.92
141.147.92.143,8443,TRUE,LHR,Europe,London,310 ms,2.92
8.219.123.11,2053,TRUE,SIN,Asia Pacific,Singapore,309 ms,2.9
47.236.164.65,2053,TRUE,SIN,Asia Pacific,Singapore,152 ms,2.89
8.219.61.98,34237,TRUE,SIN,Asia Pacific,Singapore,309 ms,2.89
47.250.36.83,80,TRUE,SIN,Asia Pacific,Singapore,217 ms,2.88
47.250.12.116,80,TRUE,SIN,Asia Pacific,Singapore,220 ms,2.87
20.215.33.226,443,TRUE,FRA,Europe,Frankfurt,268 ms,2.86
47.236.6.170,8443,TRUE,SIN,Asia Pacific,Singapore,157 ms,2.85
47.236.117.48,443,TRUE,SIN,Asia Pacific,Singapore,129 ms,2.81
185.201.226.246,19582,TRUE,LAX,North America,Los Angeles,223 ms,2.8
13.41.203.20,8080,TRUE,LHR,Europe,London,269 ms,2.79
34.248.92.219,2053,TRUE,DUB,Europe,Dublin,230 ms,2.79
89.168.68.57,8443,TRUE,FRA,Europe,Frankfurt,180 ms,2.79
47.236.155.210,2053,TRUE,SIN,Asia Pacific,Singapore,129 ms,2.77
47.236.6.170,2096,TRUE,SIN,Asia Pacific,Singapore,151 ms,2.72
52.209.187.247,443,TRUE,DUB,Europe,Dublin,278 ms,2.72
47.237.8.82,2096,TRUE,SIN,Asia Pacific,Singapore,312 ms,2.7
18.171.168.33,443,TRUE,LHR,Europe,London,271 ms,2.69
18.236.77.255,2053,TRUE,SEA,North America,Seattle,228 ms,2.67
47.250.50.53,80,TRUE,SIN,Asia Pacific,Singapore,224 ms,2.64
158.178.206.197,2053,TRUE,CDG,Europe,Paris,210 ms,2.63
52.165.82.62,443,TRUE,ORD,North America,Chicago,212 ms,2.62
152.70.234.188,443,TRUE,NRT,Asia Pacific,Tokyo,104 ms,2.61
185.238.248.9,12945,TRUE,LAX,North America,Los Angeles,302 ms,2.59
89.168.43.31,2053,TRUE,CDG,Europe,Paris,224 ms,2.57
140.238.201.118,443,TRUE,SYD,Oceania,Sydney,200 ms,2.56
3.128.51.197,443,TRUE,ORD,North America,Chicago,299 ms,2.54
8.222.190.86,34237,TRUE,SIN,Asia Pacific,Singapore,311 ms,2.5
146.56.133.250,31992,TRUE,NRT,Asia Pacific,Tokyo,220 ms,2.5
150.109.94.144,8900,TRUE,SIN,Asia Pacific,Singapore,312 ms,2.47
158.179.203.23,443,TRUE,OSL,Europe,Oslo,222 ms,2.41
141.145.205.115,8443,TRUE,CDG,Europe,Paris,269 ms,2.39
103.99.178.62,16144,TRUE,LAX,North America,Los Angeles,202 ms,2.38
3.67.127.222,443,TRUE,FRA,Europe,Frankfurt,266 ms,2.36
47.236.253.41,8443,TRUE,SIN,Asia Pacific,Singapore,134 ms,2.32
47.237.100.206,2083,TRUE,SIN,Asia Pacific,Singapore,298 ms,2.31
18.199.16.162,2053,TRUE,FRA,Europe,Frankfurt,226 ms,2.3
18.197.218.69,443,TRUE,FRA,Europe,Frankfurt,199 ms,2.29
158.179.207.182,2053,TRUE,ARN,Europe,Stockholm,240 ms,2.25
152.70.59.90,8443,TRUE,AMS,Europe,Amsterdam,224 ms,2.25
47.236.159.121,34237,TRUE,SIN,Asia Pacific,Singapore,148 ms,2.22
47.236.170.225,2087,TRUE,SIN,Asia Pacific,Singapore,148 ms,2.2
47.76.178.146,2053,TRUE,HKG,Asia Pacific,Hong Kong,188 ms,2.19
47.76.105.5,34237,TRUE,HKG,Asia Pacific,Hong Kong,69 ms,2.17
2.59.151.128,33557,TRUE,LAX,North America,Los Angeles,217 ms,2.16
152.67.65.201,443,TRUE,MXP,Europe,Milan,219 ms,2.15
47.236.130.95,2083,TRUE,SIN,Asia Pacific,Singapore,133 ms,2.13
47.236.253.41,2083,TRUE,SIN,Asia Pacific,Singapore,134 ms,2.12
47.236.164.65,8443,TRUE,SIN,Asia Pacific,Singapore,152 ms,2.12
3.106.194.199,34237,TRUE,SYD,Oceania,Sydney,201 ms,2.12
47.236.2.149,34237,TRUE,SIN,Asia Pacific,Singapore,146 ms,2.1
185.201.227.192,22799,TRUE,LAX,North America,Los Angeles,218 ms,2.08
8.210.248.221,34237,TRUE,HKG,Asia Pacific,Hong Kong,76 ms,2.08
158.178.129.114,2053,TRUE,TLV,Middle East,Tel Aviv,344 ms,2.07
47.236.170.225,2053,TRUE,SIN,Asia Pacific,Singapore,148 ms,2.04
47.76.154.53,34237,TRUE,HKG,Asia Pacific,Hong Kong,70 ms,2.01
8.218.42.123,34237,TRUE,HKG,Asia Pacific,Hong Kong,62 ms,2.01
47.236.237.90,8443,TRUE,SIN,Asia Pacific,Singapore,154 ms,2.01
45.12.88.200,48575,TRUE,LAX,North America,Los Angeles,230 ms,1.99
3.68.149.251,8443,TRUE,FRA,Europe,Frankfurt,221 ms,1.91
34.254.180.147,2053,TRUE,DUB,Europe,Dublin,276 ms,1.84
141.148.229.106,443,TRUE,AMS,Europe,Amsterdam,302 ms,1.82
54.215.247.240,34237,TRUE,SJC,North America,San Jose,223 ms,1.81
13.60.87.228,8080,TRUE,ARN,Europe,Stockholm,238 ms,1.81
144.24.173.250,2096,TRUE,FRA,Europe,Frankfurt,198 ms,1.8
119.28.113.40,34237,TRUE,SIN,Asia Pacific,Singapore,305 ms,1.78
47.238.52.240,80,TRUE,SIN,Asia Pacific,Singapore,73 ms,1.78
130.61.109.6,2053,TRUE,FRA,Europe,Frankfurt,198 ms,1.78
43.134.166.213,10444,TRUE,SIN,Asia Pacific,Singapore,309 ms,1.77
3.11.114.146,8443,TRUE,LHR,Europe,London,223 ms,1.74
13.40.119.154,2053,TRUE,LHR,Europe,London,229 ms,1.73
43.159.43.107,34237,TRUE,SIN,Asia Pacific,Singapore,306 ms,1.73
35.246.168.59,8443,TRUE,FRA,Europe,Frankfurt,233 ms,1.73
43.156.236.55,34237,TRUE,SIN,Asia Pacific,Singapore,311 ms,1.72
54.94.209.56,34237,TRUE,GRU,South America,S?o Paulo,421 ms,1.69
8.219.123.11,2087,TRUE,SIN,Asia Pacific,Singapore,312 ms,1.63
47.236.9.152,2053,TRUE,SIN,Asia Pacific,Singapore,124 ms,1.61
141.147.61.116,2053,TRUE,FRA,Europe,Frankfurt,205 ms,1.6
3.98.54.22,2053,TRUE,YUL,North America,MontrЈІal,276 ms,1.58
64.110.86.92,2083,TRUE,NRT,Asia Pacific,Tokyo,104 ms,1.58
18.153.62.206,8443,TRUE,FRA,Europe,Frankfurt,225 ms,1.55
154.88.31.91,30000,TRUE,HKG,Asia Pacific,Hong Kong,75 ms,1.55
47.236.85.105,34237,TRUE,SIN,Asia Pacific,Singapore,126 ms,1.53
51.140.85.89,2053,TRUE,MAN,Europe,Manchester,271 ms,1.47
34.82.76.253,443,TRUE,SEA,North America,Seattle,271 ms,1.45
13.41.222.150,8080,TRUE,LHR,Europe,London,222 ms,1.44
47.238.43.79,2087,TRUE,HKG,Asia Pacific,Hong Kong,72 ms,1.43
35.159.155.251,443,TRUE,FRA,Europe,Frankfurt,224 ms,1.41
45.12.88.148,19479,TRUE,LAX,North America,Los Angeles,230 ms,1.41
43.129.33.207,34237,TRUE,CGK,Asia Pacific,Jakarta,320 ms,1.4
47.236.170.225,2096,TRUE,SIN,Asia Pacific,Singapore,130 ms,1.4
43.159.57.102,34237,TRUE,SIN,Asia Pacific,Singapore,306 ms,1.39
8.219.110.248,2053,TRUE,SIN,Asia Pacific,Singapore,312 ms,1.37
3.123.254.137,2053,TRUE,FRA,Europe,Frankfurt,227 ms,1.36
47.236.170.225,2083,TRUE,SIN,Asia Pacific,Singapore,130 ms,1.35
20.240.254.247,2053,TRUE,ARN,Europe,Stockholm,274 ms,1.33
3.106.116.226,443,TRUE,SYD,Oceania,Sydney,200 ms,1.31
47.238.138.232,80,TRUE,CGK,Asia Pacific,Jakarta,70 ms,1.31
18.135.107.117,8443,TRUE,LHR,Europe,London,225 ms,1.29
35.154.110.69,443,TRUE,BOM,Asia Pacific,Mumbai,185 ms,1.27
8.219.123.11,2083,TRUE,SIN,Asia Pacific,Singapore,313 ms,1.25
89.168.68.57,2053,TRUE,FRA,Europe,Frankfurt,313 ms,1.24
35.158.128.204,443,TRUE,FRA,Europe,Frankfurt,228 ms,1.18
18.168.151.116,8080,TRUE,LHR,Europe,London,224 ms,1.16
47.236.63.152,443,TRUE,SIN,Asia Pacific,Singapore,128 ms,1.14
54.149.153.213,8443,TRUE,SEA,North America,Seattle,196 ms,1.13
132.145.54.84,8443,TRUE,LHR,Europe,London,310 ms,1.12
47.236.93.176,8443,TRUE,SIN,Asia Pacific,Singapore,150 ms,1.12
52.38.230.144,8443,TRUE,SEA,North America,Seattle,224 ms,1.11
18.153.65.174,8443,TRUE,FRA,Europe,Frankfurt,225 ms,1.11
34.163.89.60,2053,TRUE,CDG,Europe,Paris,232 ms,1.11
34.105.49.234,443,TRUE,SEA,North America,Seattle,263 ms,1.1
13.51.132.60,443,TRUE,AMS,Europe,Amsterdam,243 ms,1.09
51.20.210.114,2053,TRUE,ARN,Europe,Stockholm,237 ms,1.08
47.243.120.239,8443,TRUE,HKG,Asia Pacific,Hong Kong,72 ms,1.07
54.251.92.52,443,TRUE,SIN,Asia Pacific,Singapore,103 ms,1.07
3.135.41.11,443,TRUE,ORD,North America,Chicago,296 ms,1.06
35.246.168.59,2053,TRUE,FRA,Europe,Frankfurt,231 ms,1.05
158.178.129.114,8443,TRUE,TLV,Middle East,Tel Aviv,343 ms,1.03
13.53.126.251,2053,TRUE,ARN,Europe,Stockholm,248 ms,1.02
140.238.158.238,443,TRUE,YYZ,North America,Toronto,275 ms,1.02
43.134.187.193,8989,TRUE,SIN,Asia Pacific,Singapore,312 ms,1
158.101.169.13,2053,TRUE,FRA,Europe,Frankfurt,205 ms,0.99
47.76.49.246,8443,TRUE,HKG,Asia Pacific,Hong Kong,77 ms,0.98
89.168.52.251,8443,TRUE,CDG,Europe,Paris,220 ms,0.98
43.159.54.97,34237,TRUE,SIN,Asia Pacific,Singapore,307 ms,0.96
47.238.43.79,2096,TRUE,HKG,Asia Pacific,Hong Kong,66 ms,0.94
47.76.178.146,8443,TRUE,HKG,Asia Pacific,Hong Kong,132 ms,0.94
51.21.48.77,443,TRUE,ARN,Europe,Stockholm,240 ms,0.91
8.210.3.24,2053,TRUE,HKG,Asia Pacific,Hong Kong,111 ms,0.91
47.242.232.14,2096,TRUE,HKG,Asia Pacific,Hong Kong,385 ms,0.91
47.76.178.146,2087,TRUE,HKG,Asia Pacific,Hong Kong,151 ms,0.89
8.219.123.11,2096,TRUE,SIN,Asia Pacific,Singapore,311 ms,0.87
8.222.204.128,443,TRUE,SIN,Asia Pacific,Singapore,305 ms,0.86
3.71.165.64,8443,TRUE,FRA,Europe,Frankfurt,227 ms,0.86
47.76.32.108,8443,TRUE,HKG,Asia Pacific,Hong Kong,265 ms,0.86
3.108.117.25,443,TRUE,BOM,Asia Pacific,Mumbai,200 ms,0.82
172.247.21.125,443,TRUE,LAX,North America,Los Angeles,196 ms,0.82
47.76.49.246,2083,TRUE,HKG,Asia Pacific,Hong Kong,77 ms,0.8
47.76.218.163,443,TRUE,HKG,Asia Pacific,Hong Kong,68 ms,0.78
141.147.47.32,8443,TRUE,FRA,Europe,Frankfurt,275 ms,0.76
47.76.32.108,2087,TRUE,HKG,Asia Pacific,Hong Kong,280 ms,0.76
54.149.153.213,2053,TRUE,SEA,North America,Seattle,207 ms,0.74
47.76.32.108,2096,TRUE,HKG,Asia Pacific,Hong Kong,277 ms,0.73
13.211.156.135,34237,TRUE,SYD,Oceania,Sydney,202 ms,0.71
35.177.138.107,2096,TRUE,LHR,Europe,London,222 ms,0.71
47.76.178.146,443,TRUE,HKG,Asia Pacific,Hong Kong,143 ms,0.7
47.236.232.148,2087,TRUE,SIN,Asia Pacific,Singapore,148 ms,0.69
47.237.95.140,2096,TRUE,SIN,Asia Pacific,Singapore,313 ms,0.69
54.169.229.188,443,TRUE,SIN,Asia Pacific,Singapore,106 ms,0.66
34.102.111.127,443,TRUE,LAX,North America,Los Angeles,328 ms,0.66
54.74.164.212,8443,TRUE,DUB,Europe,Dublin,231 ms,0.66
54.70.214.119,8443,TRUE,SEA,North America,Seattle,234 ms,0.64
47.76.178.146,2096,TRUE,HKG,Asia Pacific,Hong Kong,151 ms,0.63
34.88.63.160,443,TRUE,FRA,Europe,Frankfurt,256 ms,0.62
8.210.3.24,8443,TRUE,HKG,Asia Pacific,Hong Kong,866 ms,0.62
18.224.177.250,443,TRUE,ORD,North America,Chicago,295 ms,0.62
44.227.209.152,443,TRUE,SEA,North America,Seattle,233 ms,0.61
13.48.195.102,8080,TRUE,ARN,Europe,Stockholm,287 ms,0.61
140.238.88.47,443,TRUE,LHR,Europe,London,225 ms,0.58
34.80.252.27,443,TRUE,TPE,Asia Pacific,Taipei,238 ms,0.57
8.210.3.24,2083,TRUE,HKG,Asia Pacific,Hong Kong,77 ms,0.57
47.76.32.108,2053,TRUE,HKG,Asia Pacific,Hong Kong,291 ms,0.57
47.76.198.162,34237,TRUE,HKG,Asia Pacific,Hong Kong,69 ms,0.56
3.15.188.219,2053,TRUE,ORD,North America,Chicago,297 ms,0.55
18.134.244.157,8443,TRUE,LHR,Europe,London,228 ms,0.55
13.201.27.214,8443,TRUE,DEL,Asia Pacific,New Delhi,176 ms,0.54
47.236.181.185,8443,TRUE,SIN,Asia Pacific,Singapore,145 ms,0.54
15.236.183.91,2053,TRUE,CDG,Europe,Paris,222 ms,0.52
84.235.169.234,443,TRUE,AMS,Europe,Amsterdam,307 ms,0.51
23.225.195.46,14369,TRUE,LAX,North America,Los Angeles,207 ms,0.49
18.199.132.244,443,TRUE,FRA,Europe,Frankfurt,224 ms,0.49
47.76.49.246,2053,TRUE,HKG,Asia Pacific,Hong Kong,76 ms,0.48
52.56.184.237,8443,TRUE,LHR,Europe,London,227 ms,0.48
8.222.188.241,34237,TRUE,SIN,Asia Pacific,Singapore,316 ms,0.47
149.129.8.215,443,TRUE,SJC,North America,San Jose,136 ms,0.46
35.230.79.26,443,TRUE,SEA,North America,Seattle,242 ms,0.46
3.9.61.105,2053,TRUE,LHR,Europe,London,230 ms,0.45
168.138.71.220,443,TRUE,YYZ,North America,Toronto,281 ms,0.45
150.230.20.156,2053,TRUE,AMS,Europe,Amsterdam,219 ms,0.45
47.242.232.14,2053,TRUE,HKG,Asia Pacific,Hong Kong,404 ms,0.42
3.79.68.96,2053,TRUE,FRA,Europe,Frankfurt,223 ms,0.41
35.156.134.213,2053,TRUE,FRA,Europe,Frankfurt,226 ms,0.41
52.59.44.105,2053,TRUE,FRA,Europe,Frankfurt,224 ms,0.41
130.61.239.203,2053,TRUE,FRA,Europe,Frankfurt,273 ms,0.41
18.184.27.249,443,TRUE,FRA,Europe,Frankfurt,231 ms,0.39
16.16.230.192,443,TRUE,ARN,Europe,Stockholm,236 ms,0.39
3.76.47.8,8443,TRUE,FRA,Europe,Frankfurt,227 ms,0.39
52.57.128.114,443,TRUE,FRA,Europe,Frankfurt,222 ms,0.38
129.154.254.254,8443,TRUE,BOM,Asia Pacific,Mumbai,379 ms,0.38
130.162.182.76,443,TRUE,LHR,Europe,London,212 ms,0.36
47.243.86.79,2096,TRUE,HKG,Asia Pacific,Hong Kong,75 ms,0.36
43.153.80.208,443,TRUE,SJC,North America,San Jose,254 ms,0.36
8.222.194.126,34237,TRUE,SIN,Asia Pacific,Singapore,319 ms,0.35
47.76.32.108,2083,TRUE,HKG,Asia Pacific,Hong Kong,291 ms,0.35
47.242.232.14,2087,TRUE,HKG,Asia Pacific,Hong Kong,393 ms,0.35
141.147.61.116,8443,TRUE,FRA,Europe,Frankfurt,294 ms,0.33
129.146.46.164,443,TRUE,LAX,North America,Los Angeles,235 ms,0.32
47.242.232.14,8443,TRUE,HKG,Asia Pacific,Hong Kong,366 ms,0.32
143.47.243.144,2053,TRUE,LHR,Europe,London,211 ms,0.32
168.138.66.11,443,TRUE,YYZ,North America,Toronto,249 ms,0.31
18.194.183.74,8443,TRUE,FRA,Europe,Frankfurt,230 ms,0.3
192.9.143.54,34237,TRUE,SJC,North America,San Jose,243 ms,0.28
47.76.37.57,2053,TRUE,HKG,Asia Pacific,Hong Kong,240 ms,0.28
47.243.86.79,2087,TRUE,HKG,Asia Pacific,Hong Kong,69 ms,0.27
8.210.3.24,2087,TRUE,HKG,Asia Pacific,Hong Kong,75 ms,0.27
35.190.203.200,443,TRUE,CDG,Europe,Paris,240 ms,0.25
8.210.3.24,2096,TRUE,HKG,Asia Pacific,Hong Kong,71 ms,0.25
192.9.132.79,443,TRUE,SJC,North America,San Jose,243 ms,0.24
150.230.47.17,443,TRUE,SJC,North America,San Jose,251 ms,0.24
143.47.243.144,8443,TRUE,LHR,Europe,London,221 ms,0.23
8.212.43.8,443,TRUE,SJC,North America,San Jose,62 ms,0.23
152.67.190.105,443,TRUE,HYD,Asia Pacific,Hyderabad,331 ms,0.22
150.136.241.40,443,TRUE,IAD,North America,Ashburn,297 ms,0.22
47.242.232.14,2083,TRUE,HKG,Asia Pacific,Hong Kong,406 ms,0.22
35.247.124.181,443,TRUE,SEA,North America,Seattle,279 ms,0.21
47.76.49.246,2096,TRUE,HKG,Asia Pacific,Hong Kong,76 ms,0.21
43.156.119.123,58000,TRUE,SIN,Asia Pacific,Singapore,310 ms,0.2
3.120.8.31,443,TRUE,FRA,Europe,Frankfurt,225 ms,0.2
35.211.231.222,443,TRUE,IAD,North America,Ashburn,338 ms,0.2
150.230.44.131,8443,TRUE,SJC,North America,San Jose,247 ms,0.2
40.113.60.248,8443,TRUE,DUB,Europe,Dublin,283 ms,0.19
43.135.147.216,34237,TRUE,SJC,North America,San Jose,245 ms,0.18
13.38.70.41,34237,TRUE,CDG,Europe,Paris,226 ms,0.18
155.248.192.204,34237,TRUE,SJC,North America,San Jose,244 ms,0.18
192.9.246.112,8443,TRUE,SJC,North America,San Jose,246 ms,0.18
140.238.20.223,35913,TRUE,NRT,Asia Pacific,Tokyo,72 ms,0.17
192.9.224.194,443,TRUE,SJC,North America,San Jose,247 ms,0.16
140.238.68.197,34237,TRUE,LHR,Europe,London,225 ms,0.16
47.243.86.79,8443,TRUE,HKG,Asia Pacific,Hong Kong,77 ms,0.16
129.146.134.26,34237,TRUE,LAX,North America,Los Angeles,228 ms,0.16
155.248.202.141,443,TRUE,SJC,North America,San Jose,246 ms,0.16
165.1.75.221,34237,TRUE,SJC,North America,San Jose,249 ms,0.14
216.38.168.34,16384,TRUE,LAX,North America,Los Angeles,172 ms,0.13
138.2.231.182,34237,TRUE,SJC,North America,San Jose,248 ms,0.12
43.134.189.122,34237,TRUE,SIN,Asia Pacific,Singapore,305 ms,0.12
47.243.86.79,2083,TRUE,HKG,Asia Pacific,Hong Kong,76 ms,0.12
132.145.54.84,2053,TRUE,LHR,Europe,London,213 ms,0.11
34.208.221.169,443,TRUE,SEA,North America,Seattle,207 ms,0.11
44.227.131.101,443,TRUE,SEA,North America,Seattle,230 ms,0.11
8.210.200.31,11991,TRUE,HKG,Asia Pacific,Hong Kong,70 ms,0.11
124.156.187.20,34237,TRUE,HKG,Asia Pacific,Hong Kong,74 ms,0.1
164.152.26.70,2086,TRUE,ORD,North America,Chicago,285 ms,0.09
47.243.86.79,2053,TRUE,HKG,Asia Pacific,Hong Kong,80 ms,0.09
192.9.236.129,34237,TRUE,SJC,North America,San Jose,246 ms,0.09
13.88.29.102,443,TRUE,SJC,North America,San Jose,204 ms,0.08
43.134.181.60,53417,TRUE,SIN,Asia Pacific,Singapore,309 ms,0.08
35.238.64.146,34237,TRUE,ORD,North America,Chicago,342 ms,0.06
47.76.178.146,2083,TRUE,HKG,Asia Pacific,Hong Kong,192 ms,0.05
168.138.46.67,443,TRUE,KIX,Asia Pacific,Osaka,131 ms,0.05
20.220.204.217,443,TRUE,YYZ,North America,Toronto,272 ms,0.04
144.24.200.164,443,TRUE,MRS,Europe,Marseille,243 ms,0.04
158.101.90.73,34237,TRUE,NRT,Asia Pacific,Tokyo,112 ms,0.04
43.135.140.4,34237,TRUE,SJC,North America,San Jose,248 ms,0.04
35.226.211.129,443,TRUE,ORD,North America,Chicago,309 ms,0.04
43.153.56.45,34237,TRUE,SJC,North America,San Jose,252 ms,0.04
47.76.49.246,2087,TRUE,HKG,Asia Pacific,Hong Kong,74 ms,0.04
158.180.68.56,443,TRUE,NRT,Asia Pacific,Tokyo,145 ms,0.04
35.208.10.249,443,TRUE,ORD,North America,Chicago,277 ms,0.04
141.147.144.246,8080,TRUE,KIX,Asia Pacific,Osaka,122 ms,0.03
192.9.159.65,443,TRUE,SJC,North America,San Jose,249 ms,0.03
43.159.55.220,34237,TRUE,SIN,Asia Pacific,Singapore,309 ms,0.03
155.248.196.123,443,TRUE,YVR,North America,Vancouver,247 ms,0.02
192.9.241.4,34237,TRUE,SJC,North America,San Jose,251 ms,0.02
144.24.39.42,34237,TRUE,LAX,North America,Los Angeles,246 ms,0.02
132.226.163.224,8443,TRUE,GRU,South America,S?o Paulo,400 ms,0.02
129.159.60.153,34237,TRUE,GRU,South America,S?o Paulo,465 ms,0.02
152.67.209.250,34237,TRUE,ICN,Asia Pacific,Seoul,146 ms,0.02
20.33.18.23,443,TRUE,FRA,Europe,Frankfurt,310 ms,0.02
47.236.180.24,2053,TRUE,SIN,Asia Pacific,Singapore,135 ms,0.01
8.210.92.27,443,TRUE,HKG,Asia Pacific,Hong Kong,69 ms,0.01
13.49.166.245,443,TRUE,ARN,Europe,Stockholm,288 ms,0.01
141.147.166.238,34237,TRUE,NRT,Asia Pacific,Tokyo,127 ms,0.01
43.153.21.248,34237,TRUE,SJC,North America,San Jose,250 ms,0.01
49.51.247.168,34237,TRUE,SJC,North America,San Jose,246 ms,0.01
131.186.62.78,34237,TRUE,NRT,Asia Pacific,Tokyo,129 ms,0
146.56.101.164,34237,TRUE,ICN,Asia Pacific,Seoul,128 ms,0
3.147.73.220,443,TRUE,ORD,North America,Chicago,291 ms,0
34.105.3.218,443,TRUE,SEA,North America,Seattle,270 ms,0
20.246.127.166,443,TRUE,IAD,North America,Ashburn,273 ms,0
3.109.185.221,443,TRUE,BOM,Asia Pacific,Mumbai,183 ms,0
20.83.149.174,443,TRUE,IAD,North America,Ashburn,231 ms,0
193.123.250.209,2087,TRUE,HKG,Asia Pacific,Hong Kong,83 ms,0
47.76.192.24,8443,TRUE,HKG,Asia Pacific,Hong Kong,73 ms,0
193.123.69.77,443,TRUE,CDG,Europe,Paris,230 ms,0
3.109.52.184,443,TRUE,BOM,Asia Pacific,Mumbai,197 ms,0
47.76.192.24,2096,TRUE,HKG,Asia Pacific,Hong Kong,73 ms,0
20.109.23.42,443,TRUE,IAD,North America,Ashburn,232 ms,0
47.76.192.24,2053,TRUE,HKG,Asia Pacific,Hong Kong,75 ms,0
20.14.93.89,2053,TRUE,SJC,North America,San Jose,216 ms,0
20.121.115.188,443,TRUE,IAD,North America,Ashburn,229 ms,0
3.10.171.39,2096,TRUE,LHR,Europe,London,265 ms,0
3.120.212.75,443,TRUE,FRA,Europe,Frankfurt,229 ms,0
20.235.105.146,443,TRUE,BOM,Asia Pacific,Mumbai,151 ms,0
47.76.192.24,2087,TRUE,HKG,Asia Pacific,Hong Kong,70 ms,0
47.76.192.24,2083,TRUE,HKG,Asia Pacific,Hong Kong,70 ms,0
193.122.61.167,443,TRUE,FRA,Europe,Frankfurt,229 ms,0
192.9.134.182,34237,TRUE,SJC,North America,San Jose,245 ms,0
192.18.140.32,443,TRUE,SJC,North America,San Jose,243 ms,0
192.9.165.234,443,TRUE,SYD,Oceania,Sydney,202 ms,0
18.191.122.211,443,TRUE,ORD,North America,Chicago,300 ms,0
18.196.78.63,443,TRUE,FRA,Europe,Frankfurt,267 ms,0
18.188.79.30,443,TRUE,ORD,North America,Chicago,296 ms,0
3.127.55.133,443,TRUE,FRA,Europe,Frankfurt,227 ms,0
3.24.174.233,443,TRUE,SYD,Oceania,Sydney,195 ms,0
3.26.34.109,8443,TRUE,SYD,Oceania,Sydney,199 ms,0
47.76.204.76,2083,TRUE,HKG,Asia Pacific,Hong Kong,74 ms,0
18.236.13.188,443,TRUE,SEA,North America,Seattle,230 ms,0
3.142.130.55,443,TRUE,ORD,North America,Chicago,270 ms,0
18.185.254.189,443,TRUE,FRA,Europe,Frankfurt,265 ms,0
3.27.24.161,8443,TRUE,SYD,Oceania,Sydney,202 ms,0
47.243.91.58,8443,TRUE,HKG,Asia Pacific,Hong Kong,75 ms,0
3.138.59.154,443,TRUE,ORD,North America,Chicago,292 ms,0
18.198.227.161,443,TRUE,FRA,Europe,Frankfurt,224 ms,0
18.236.142.116,443,TRUE,SEA,North America,Seattle,195 ms,0
18.192.93.64,443,TRUE,FRA,Europe,Frankfurt,229 ms,0
18.196.70.197,443,TRUE,FRA,Europe,Frankfurt,194 ms,0
47.90.219.171,34237,TRUE,IAD,North America,Ashburn,299 ms,0
18.159.105.97,443,TRUE,FRA,Europe,Frankfurt,272 ms,0
3.133.84.109,443,TRUE,ORD,North America,Chicago,292 ms,0
3.143.106.216,443,TRUE,ORD,North America,Chicago,289 ms,0
18.156.209.101,443,TRUE,FRA,Europe,Frankfurt,266 ms,0
18.171.22.182,443,TRUE,LHR,Europe,London,220 ms,0
51.20.121.52,8443,TRUE,CDG,Europe,Paris,226 ms,0
3.66.115.225,443,TRUE,FRA,Europe,Frankfurt,227 ms,0
18.135.188.86,443,TRUE,LHR,Europe,London,270 ms,0
172.174.249.255,443,TRUE,IAD,North America,Ashburn,236 ms,0
52.68.255.226,8443,TRUE,NRT,Asia Pacific,Tokyo,93 ms,0
18.156.21.22,443,TRUE,FRA,Europe,Frankfurt,232 ms,0
52.209.63.185,443,TRUE,DUB,Europe,Dublin,233 ms,0
47.236.99.59,8443,TRUE,SIN,Asia Pacific,Singapore,152 ms,0
52.68.255.224,8443,TRUE,NRT,Asia Pacific,Tokyo,78 ms,0
168.138.197.97,8443,TRUE,NRT,Asia Pacific,Tokyo,122 ms,0
52.68.255.253,8443,TRUE,NRT,Asia Pacific,Tokyo,96 ms,0
52.10.78.7,443,TRUE,SEA,North America,Seattle,234 ms,0
52.213.230.124,443,TRUE,DUB,Europe,Dublin,240 ms,0
18.153.249.28,2096,TRUE,FRA,Europe,Frankfurt,223 ms,0
52.35.63.182,8443,TRUE,SEA,North America,Seattle,198 ms,0
18.153.249.28,2053,TRUE,FRA,Europe,Frankfurt,219 ms,0
52.29.191.219,8443,TRUE,FRA,Europe,Frankfurt,225 ms,0
54.151.242.175,8443,TRUE,SIN,Asia Pacific,Singapore,107 ms,0
13.125.75.79,443,TRUE,ICN,Asia Pacific,Seoul,65 ms,0
18.135.67.188,443,TRUE,LHR,Europe,London,223 ms,0
52.68.255.252,8443,TRUE,NRT,Asia Pacific,Tokyo,75 ms,0
52.29.191.220,8443,TRUE,FRA,Europe,Frankfurt,226 ms,0
52.35.63.189,8443,TRUE,SEA,North America,Seattle,226 ms,0
168.138.46.171,34237,TRUE,KIX,Asia Pacific,Osaka,118 ms,0
52.35.63.188,8443,TRUE,SEA,North America,Seattle,229 ms,0
18.134.37.97,443,TRUE,LHR,Europe,London,222 ms,0
3.68.62.122,443,TRUE,FRA,Europe,Frankfurt,223 ms,0
18.130.168.34,443,TRUE,LHR,Europe,London,227 ms,0
52.209.63.185,80,TRUE,DUB,Europe,Dublin,271 ms,0
3.67.232.136,443,TRUE,FRA,Europe,Frankfurt,222 ms,0
168.138.212.196,2096,TRUE,HKG,Asia Pacific,Hong Kong,122 ms,0
18.141.66.244,8443,TRUE,SIN,Asia Pacific,Singapore,104 ms,0
52.18.155.172,443,TRUE,DUB,Europe,Dublin,282 ms,0
18.141.66.241,8443,TRUE,SIN,Asia Pacific,Singapore,100 ms,0
18.141.66.240,8443,TRUE,SIN,Asia Pacific,Singapore,98 ms,0
3.68.31.54,443,TRUE,FRA,Europe,Frankfurt,230 ms,0
158.101.98.60,2095,TRUE,IAD,North America,Ashburn,296 ms,0
3.69.0.8,443,TRUE,FRA,Europe,Frankfurt,224 ms,0
52.29.191.221,8443,TRUE,FRA,Europe,Frankfurt,263 ms,0
3.76.154.119,443,TRUE,FRA,Europe,Frankfurt,221 ms,0
52.56.127.241,8443,TRUE,LHR,Europe,London,228 ms,0
52.28.69.189,443,TRUE,FRA,Europe,Frankfurt,269 ms,0
3.22.241.99,443,TRUE,ORD,North America,Chicago,301 ms,0
3.18.169.201,443,TRUE,ORD,North America,Chicago,302 ms,0
158.179.206.143,443,TRUE,ARN,Europe,Stockholm,211 ms,0
168.138.190.104,443,TRUE,SIN,Asia Pacific,Singapore,106 ms,0
52.56.127.245,8443,TRUE,LHR,Europe,London,228 ms,0
168.138.184.172,443,TRUE,SIN,Asia Pacific,Singapore,105 ms,0
155.248.199.68,34237,TRUE,SJC,North America,San Jose,247 ms,0
52.56.127.240,8443,TRUE,LHR,Europe,London,272 ms,0
3.9.223.59,443,TRUE,LHR,Europe,London,222 ms,0
52.65.255.249,8443,TRUE,SYD,Oceania,Sydney,198 ms,0
52.65.255.250,8443,TRUE,SYD,Oceania,Sydney,199 ms,0
168.138.162.187,443,TRUE,SIN,Asia Pacific,Singapore,106 ms,0
156.251.189.154,8443,TRUE,LAX,North America,Los Angeles,202 ms,0
3.8.81.68,443,TRUE,FRA,Europe,Frankfurt,223 ms,0
34.105.189.25,443,TRUE,LHR,Europe,London,225 ms,0
52.89.138.13,443,TRUE,SEA,North America,Seattle,200 ms,0
52.56.127.244,8443,TRUE,LHR,Europe,London,228 ms,0
52.252.14.249,443,TRUE,IAD,North America,Ashburn,229 ms,0
3.99.106.179,443,TRUE,YUL,North America,MontrЈІal,254 ms,0
34.105.233.161,443,TRUE,LHR,Europe,London,224 ms,0
3.98.73.243,443,TRUE,YUL,North America,MontrЈІal,279 ms,0
54.177.163.204,80,TRUE,SJC,North America,San Jose,194 ms,0
152.70.123.225,8443,TRUE,SJC,North America,San Jose,247 ms,0
20.221.32.145,443,TRUE,ORD,North America,Chicago,248 ms,0
54.151.68.167,443,TRUE,SJC,North America,San Jose,225 ms,0
52.65.255.253,8443,TRUE,SYD,Oceania,Sydney,201 ms,0
150.230.149.208,443,TRUE,FRA,Europe,Frankfurt,307 ms,0
34.147.231.33,443,TRUE,LHR,Europe,London,226 ms,0
54.177.87.111,80,TRUE,SJC,North America,San Jose,211 ms,0
54.176.142.183,80,TRUE,SJC,North America,San Jose,224 ms,0
54.177.197.172,80,TRUE,SJC,North America,San Jose,221 ms,0
34.142.31.109,443,TRUE,PRG,Europe,Prague,225 ms,0
54.171.190.140,8443,TRUE,DUB,Europe,Dublin,230 ms,0
54.171.190.141,8443,TRUE,DUB,Europe,Dublin,228 ms,0
34.217.119.17,443,TRUE,SEA,North America,Seattle,230 ms,0
34.81.144.73,8443,TRUE,TPE,Asia Pacific,Taipei,238 ms,0
152.70.249.67,443,TRUE,NRT,Asia Pacific,Tokyo,106 ms,0
35.157.240.237,443,TRUE,FRA,Europe,Frankfurt,226 ms,0
35.176.229.223,443,TRUE,LHR,Europe,London,222 ms,0
152.67.222.167,443,TRUE,NRT,Asia Pacific,Tokyo,132 ms,0
54.193.109.100,80,TRUE,SJC,North America,San Jose,220 ms,0
15.157.7.168,443,TRUE,YUL,North America,MontrЈІal,281 ms,0
54.171.190.136,8443,TRUE,DUB,Europe,Dublin,283 ms,0
54.193.213.190,80,TRUE,SJC,North America,San Jose,221 ms,0
150.230.122.76,443,TRUE,LHR,Europe,London,224 ms,0
35.189.113.240,443,TRUE,LHR,Europe,London,226 ms,0
146.56.37.229,443,TRUE,HKG,Asia Pacific,Hong Kong,221 ms,0
144.24.243.207,443,TRUE,ZRH,Europe,Zurich,319 ms,0
35.197.239.137,443,TRUE,LHR,Europe,London,228 ms,0
35.189.99.124,443,TRUE,PRG,Europe,Prague,228 ms,0
144.21.51.110,443,TRUE,LHR,Europe,London,226 ms,0
35.176.11.95,443,TRUE,LHR,Europe,London,262 ms,0
54.79.133.41,443,TRUE,SYD,Oceania,Sydney,208 ms,0
54.247.36.82,443,TRUE,DUB,Europe,Dublin,235 ms,0
35.200.154.186,443,TRUE,BOM,Asia Pacific,Mumbai,235 ms,0
35.182.7.190,443,TRUE,YUL,North America,MontrЈІal,280 ms,0
54.71.238.195,443,TRUE,SEA,North America,Seattle,226 ms,0
35.183.163.195,443,TRUE,YUL,North America,MontrЈІal,288 ms,0
141.148.235.170,443,TRUE,AMS,Europe,Amsterdam,223 ms,0
139.185.34.131,443,TRUE,CDG,Europe,Paris,233 ms,0
141.147.51.21,443,TRUE,FRA,Europe,Frankfurt,218 ms,0
35.190.152.145,443,TRUE,ATL,North America,Atlanta,292 ms,0
141.147.16.152,8443,TRUE,FRA,Europe,Frankfurt,223 ms,0
140.238.58.181,2053,TRUE,NRT,Asia Pacific,Tokyo,119 ms,0
139.185.41.192,443,TRUE,CDG,Europe,Paris,214 ms,0
4.230.8.95,443,TRUE,ICN,Asia Pacific,Seoul,97 ms,0
141.145.199.188,443,TRUE,CDG,Europe,Paris,217 ms,0
54.74.189.161,443,TRUE,DUB,Europe,Dublin,237 ms,0
74.249.233.213,443,TRUE,ORD,North America,Chicago,220 ms,0
54.76.77.67,443,TRUE,DUB,Europe,Dublin,281 ms,0
67.226.223.240,80,TRUE,ORD,North America,Chicago,273 ms,0
35.209.189.163,443,TRUE,DFW,North America,Dallas,319 ms,0
35.228.168.221,443,TRUE,ARN,Europe,Stockholm,260 ms,0
67.226.223.240,443,TRUE,ORD,North America,Chicago,289 ms,0
67.226.222.2,80,TRUE,ORD,North America,Chicago,296 ms,0
67.226.222.2,443,TRUE,ORD,North America,Chicago,298 ms,0
35.88.74.18,443,TRUE,SEA,North America,Seattle,199 ms,0
132.145.127.203,8443,TRUE,NRT,Asia Pacific,Tokyo,121 ms,0
35.236.55.171,443,TRUE,LAX,North America,Los Angeles,332 ms,0
43.204.80.35,443,TRUE,BOM,Asia Pacific,Mumbai,170 ms,0
44.226.147.29,443,TRUE,SEA,North America,Seattle,229 ms,0
43.134.34.18,443,TRUE,SIN,Asia Pacific,Singapore,301 ms,0
44.227.22.10,443,TRUE,SEA,North America,Seattle,231 ms,0
44.230.218.23,443,TRUE,SEA,North America,Seattle,229 ms,0
47.238.43.79,2053,TRUE,HKG,Asia Pacific,Hong Kong,73 ms,0
43.156.181.203,443,TRUE,SIN,Asia Pacific,Singapore,306 ms,0
140.245.36.93,443,TRUE,SIN,Asia Pacific,Singapore,112 ms,0
140.245.36.93,8443,TRUE,SIN,Asia Pacific,Singapore,107 ms,0
13.68.186.91,443,TRUE,IAD,North America,Ashburn,256 ms,0
44.229.96.204,443,TRUE,SEA,North America,Seattle,233 ms,0
43.156.116.194,443,TRUE,SIN,Asia Pacific,Singapore,312 ms,0
13.57.51.213,80,TRUE,SJC,North America,San Jose,228 ms,0
13.57.177.234,80,TRUE,SJC,North America,San Jose,223 ms,0
13.56.59.26,80,TRUE,SJC,North America,San Jose,223 ms,0
13.57.241.143,80,TRUE,SJC,North America,San Jose,219 ms,0
43.156.27.249,443,TRUE,SIN,Asia Pacific,Singapore,311 ms,0
13.56.207.185,80,TRUE,SJC,North America,San Jose,224 ms,0
13.56.251.164,80,TRUE,SJC,North America,San Jose,223 ms,0
13.56.139.126,80,TRUE,SJC,North America,San Jose,222 ms,0
129.80.123.71,443,TRUE,IAD,North America,Ashburn,289 ms,0
13.56.210.252,80,TRUE,SJC,North America,San Jose,215 ms,0
43.156.253.94,443,TRUE,SIN,Asia Pacific,Singapore,312 ms,0
13.54.198.183,443,TRUE,SYD,Oceania,Sydney,201 ms,0
13.126.23.130,8443,TRUE,BOM,Asia Pacific,Mumbai,178 ms,0
47.236.123.133,2053,TRUE,SIN,Asia Pacific,Singapore,155 ms,0
13.126.23.131,8443,TRUE,BOM,Asia Pacific,Mumbai,232 ms,0
129.146.2.27,443,TRUE,LAX,North America,Los Angeles,225 ms,0
124.156.202.172,443,TRUE,SIN,Asia Pacific,Singapore,316 ms,0
13.126.23.128,8443,TRUE,BOM,Asia Pacific,Mumbai,188 ms,0
13.126.23.129,8443,TRUE,BOM,Asia Pacific,Mumbai,199 ms,0
13.48.6.26,8443,TRUE,CPH,Europe,Copenhagen,241 ms,0
129.159.83.88,8443,TRUE,IAD,North America,Ashburn,281 ms,0
45.12.90.25,32163,TRUE,LAX,North America,Los Angeles,322 ms,0
47.236.144.48,2096,TRUE,SIN,Asia Pacific,Singapore,134 ms,0
47.236.145.85,2083,TRUE,SIN,Asia Pacific,Singapore,134 ms,0
47.236.164.215,443,TRUE,SIN,Asia Pacific,Singapore,154 ms,0
8.222.222.64,443,TRUE,SIN,Asia Pacific,Singapore,308 ms,0
47.236.168.17,2096,TRUE,SIN,Asia Pacific,Singapore,134 ms,0
89.168.42.46,443,TRUE,CDG,Europe,Paris,225 ms,0
129.146.46.241,34237,TRUE,LAX,North America,Los Angeles,228 ms,0
13.40.123.110,443,TRUE,LHR,Europe,London,229 ms,0
47.236.180.24,2087,TRUE,SIN,Asia Pacific,Singapore,134 ms,0
129.159.241.172,443,TRUE,FRA,Europe,Frankfurt,227 ms,0
119.23.58.20,443,TRUE,SJC,North America,San Jose,61 ms,0
47.236.180.24,2096,TRUE,SIN,Asia Pacific,Singapore,132 ms,0
13.124.81.29,443,TRUE,NRT,Asia Pacific,Tokyo,73 ms,0
99.80.88.225,443,TRUE,DUB,Europe,Dublin,231 ms,0
99.80.88.225,80,TRUE,DUB,Europe,Dublin,237 ms,0
98.70.26.236,443,TRUE,BOM,Asia Pacific,Mumbai,193 ms,0
47.236.232.148,8443,TRUE,SIN,Asia Pacific,Singapore,136 ms,0
96.0.147.114,443,TRUE,SIN,Asia Pacific,Singapore,145 ms,0
13.213.206.28,443,TRUE,SIN,Asia Pacific,Singapore,106 ms,0
129.226.12.38,443,TRUE,HKG,Asia Pacific,Hong Kong,73 ms,0
